first_name,last_name,email
John,Doe,john.doe@example.com
Jane,Smith,jane.smith@example.com
Emily,Jones,emily.jones@example.com
Michael,Brown,michael.brown@example.com
Sarah,Johnson,sarah.johnson@example.com
David,Miller,david.miller@example.com
Laura,Garcia,laura.garcia@example.com
Daniel,Martinez,daniel.martinez@example.com
Sophia,Wilson,sophia.wilson@example.com
James,Anderson,james.anderson@example.com
Olivia,Moore,olivia.moore@example.com
William,Taylor,william.taylor@example.com
Ava,Thomas,ava.thomas@example.com
Isabella,Jackson,isabella.jackson@example.com
Mason,Harris,mason.harris@example.com
Charlotte,Martin,charlotte.martin@example.com